bestdori_id,band,kind,title_jp,title_en,fandom_title,source,file
1,Poppin'Party,song,Yes! BanG_Dream!,Yes! BanG_Dream!,Yes! BanG Dream!,bestdori,Poppin'Party\Yes! BanG_Dream!.webp
2,Poppin'Party,song,STAR BEAT!〜ホシノコドウ〜,Star Beat!,STAR BEAT! ~Hoshi no Kodou~,bestdori,Poppin'Party\Star Beat!.webp
3,Poppin'Party,song,ぽっぴん’しゃっふる,Poppin' Shuffle,Poppin' Shuffle,bestdori,Poppin'Party\Poppin' Shuffle.webp
4,Poppin'Party,song,ティアドロップス,Tear Drops,Teardrops,bestdori,Poppin'Party\Tear Drops.webp
5,Poppin'Party,song,夏空 SUN! SUN! SEVEN!,Summer Skies & Sun! Sun! Seven!,Natsuzora SUN! SUN! SEVEN!,bestdori,Poppin'Party\Summer Skies & Sun! Sun! Seven!.webp
12,Poppin'Party,song,走り始めたばかりのキミに,On Your New Journey,Hashiri Hajimeta Bakari no Kimi ni,bestdori,Poppin'Party\On Your New Journey.webp
13,Poppin'Party,song,1000回潤んだ空,1000 Crying Skies,1000-kai Urunda Sora,bestdori,Poppin'Party\1000 Crying Skies.webp
24,Poppin'Party,song,ときめきエクスペリエンス！,Tokimeki Experience!,Tokimeki Experience!,bestdori,Poppin'Party\Tokimeki Experience!.webp
25,Poppin'Party,song,キラキラだとか夢だとか ～Sing Girls～,Sparkling Dreaming ~ Sing Girls ~,Kirakira datoka yume datoka ~Sing Girls~,bestdori,Poppin'Party\Sparkling Dreaming ~ Sing Girls ~.webp
26,Afterglow,song,That Is How I Roll!,That Is How I Roll!,That Is How I Roll!,bestdori,Afterglow\That Is How I Roll!.webp
27,Afterglow,song,True color,True Color,True color,bestdori,Afterglow\True Color.webp
28,Afterglow,song,Scarlet Sky,Scarlet Sky,Scarlet Sky,bestdori,Afterglow\Scarlet Sky.webp
29,Roselia,song,BLACK SHOUT,BLACK SHOUT,BLACK SHOUT,bestdori,Roselia\BLACK SHOUT.webp
30,Roselia,song,Re:birth day,Re:birth Day,Re:birth day,bestdori,Roselia\Re_birth Day.webp
31,Roselia,song,LOUDER,LOUDER,LOUDER,bestdori,Roselia\LOUDER.webp
32,Pastel Palettes,song,しゅわりん☆どり〜みん,Shuwarin☆Dreaming,Shuwarin☆Drea~min,bestdori,Pastel Palettes\Shuwarin☆Dreaming.webp
33,Pastel Palettes,song,パスパレボリューションず☆,Pasupa Revolutions☆,Pasupa Revolutions☆,bestdori,Pastel Palettes\Pasupa Revolutions☆.webp
34,Pastel Palettes,song,はなまる◎アンダンテ,Hanamaru◎Andante,Hanamaru◎Andante,bestdori,Pastel Palettes\Hanamaru◎Andante.webp
35,"Hello, Happy World!",song,えがおのオーケストラっ！,Orchestra Of Smiles!,Egao no Orchestra!,bestdori,"Hello, Happy World!\Orchestra Of Smiles!.webp"
36,"Hello, Happy World!",song,ハピネスっ！ハピィーマジカルっ♪,Happiness! Happy Magical♪,Happiness! Happy Magical♪,bestdori,"Hello, Happy World!\Happiness! Happy Magical♪.webp"
37,"Hello, Happy World!",song,ゴーカ！ごーかい！？ファントムシーフ！,Goka! Gokai!? Phantom Thief!,Goka! Gokai!? Phantom Thief!,bestdori,"Hello, Happy World!\Goka! Gokai!_ Phantom Thief!.webp"
40,Poppin'Party,song,Happy Happy Party！,Happy Happy Party!,Happy Happy Party!,bestdori,Poppin'Party\Happy Happy Party!.webp
43,Poppin'Party,song,前へススメ！,Keep On Moving!,Mae e Susume!,bestdori,Poppin'Party\Keep On Moving!.webp
45,Poppin'Party,song,夢みるSunflower,Sunflower Dreams,Yumemiru Sunflower,bestdori,Poppin'Party\Sunflower Dreams.webp
47,Poppin'Party,song,キミにもらったもの,Your Gift To Me,Kimi ni Moratta Mono,bestdori,Poppin'Party\Your Gift To Me.webp
53,Roselia,song,陽だまりロードナイト,Sunkissed Rhodonite,Hidamari Rhodonite,bestdori,Roselia\Sunkissed Rhodonite.webp
56,Roselia,song,熱色スターマイン,Passionate Starmine,Nesshoku Starmine,bestdori,Roselia\Passionate Starmine.webp
60,Pastel Palettes,song,ゆら・ゆらRing-Dong-Dance,Yura-Yura Ring-Dong-Dance,Yura-Yura Ring-Dong-Dance,bestdori,Pastel Palettes\Yura-Yura Ring-Dong-Dance.webp
61,Poppin'Party,song,夏のドーン！,Boom Through Summer!,Natsunodon!,bestdori,Poppin'Party\Boom Through Summer!.webp
64,Poppin'Party,song,八月のif,If In August,Hachigatsu no if,bestdori,Poppin'Party\If In August.webp
65,Afterglow,song,Hey-day狂騒曲（カプリチオ）,Hey-day Capriccio,Hey-day Capriccio,bestdori,Afterglow\Hey-day Capriccio.webp
68,"Hello, Happy World!",song,YAPPY！SCHOOL CARNIVAL☆彡,YAPPY! SCHOOL CARNIVAL☆彡,YAPPY! SCHOOL CARNIVAL☆彡,bestdori,"Hello, Happy World!\YAPPY! SCHOOL CARNIVAL☆彡.webp"
69,"Hello, Happy World!",song,せかいのっびのびトレジャー！,Worldwide Treasure!,Sekai Nobbinobi Treasure!,bestdori,"Hello, Happy World!\Worldwide Treasure!.webp"
70,Pastel Palettes,song,SURVIVOR ねばーぎぶあっぷ！,SURVIVOR Never Give Up!,SURVIVOR Never Give Up!,bestdori,Pastel Palettes\SURVIVOR Never Give Up!.webp
73,Poppin'Party,song,Time Lapse,Time Lapse,Time Lapse,bestdori,Poppin'Party\Time Lapse.webp
75,Roselia,song,－HEROIC ADVENT－,-HEROIC ADVENT-,－HEROIC ADVENT－,bestdori,Roselia\-HEROIC ADVENT-.webp
76,Roselia,song,Determination Symphony,Determination Symphony,Determination Symphony,bestdori,Roselia\Determination Symphony.webp
91,Poppin'Party,song,クリスマスのうた,Our Christmas Song,Christmas no Uta,bestdori,Poppin'Party\Our Christmas Song.webp
92,Poppin'Party,song,B.O.F,B.O.F,B.O.F,bestdori,Poppin'Party\B.O.F.webp
93,Afterglow,song,Y.O.L.O！！！！！,Y.O.L.O!!!!!,Y.O.L.O!!!!!,bestdori,Afterglow\Y.O.L.O!!!!!.webp
94,"Hello, Happy World!",song,わちゃ・もちゃ・ぺったん行進曲,Wacha-Mocha Pettan March,Wacha-Mocha-Pettan Koushinkyoku,bestdori,"Hello, Happy World!\Wacha-Mocha Pettan March.webp"
95,Poppin'Party,song,CiRCLING,CiRCLING,CiRCLING,bestdori,Poppin'Party\CiRCLING.webp
96,Roselia,song,ONENESS,ONENESS,ONENESS,bestdori,Roselia\ONENESS.webp
97,Roselia,song,Opera of the wasteland,Opera of the wasteland,Opera of the wasteland,bestdori,Roselia\Opera of the wasteland.webp
104,Pastel Palettes,song,もういちど ルミナス,Luminous Once More,Mou Ichido Luminous,bestdori,Pastel Palettes\Luminous Once More.webp
106,Pastel Palettes,song,Wonderland Girl,Wonderland Girl,Wonderland Girl,bestdori,Pastel Palettes\Wonderland Girl.webp
111,Roselia,song,軌跡,Our Path,Kiseki,bestdori,Roselia\Our Path.webp
112,Poppin'Party,song,Light Delight,Light Delight,Light Delight,bestdori,Poppin'Party\Light Delight.webp
113,Afterglow,song,Jamboree!Journey!,Jamboree!Journey!,Jamboree! Journey!,bestdori,Afterglow\Jamboree!Journey!.webp
115,Poppin'Party,song,私の心はチョココロネ,Choco Cornet Love,Watashi no Kokoro wa Choco Cornet,bestdori,Poppin'Party\Choco Cornet Love.webp
118,Roselia,song,Neo-Aspect,Neo-Aspect,Neo-Aspect,bestdori,Roselia\Neo-Aspect.webp
119,Roselia,song,Legendary,Legendary,Legendary,bestdori,Roselia\Legendary.webp
121,Afterglow,song,COMIC PANIC!!!,COMIC PANIC!!!,COMIC PANIC!!!,bestdori,Afterglow\COMIC PANIC!!!.webp
122,Poppin'Party,song,二重の虹(ダブル レインボウ),Double Rainbow,Double Rainbow,bestdori,Poppin'Party\Double Rainbow.webp
123,"Hello, Happy World!",song,ふわふわ☆ゆめいろサンドイッチ,Fuwa Fuwa ☆ Dreamy Sandwich,Fuwa Fuwa☆Yumeiro Sandwich,bestdori,"Hello, Happy World!\Fuwa Fuwa ☆ Dreamy Sandwich.webp"
125,Pastel Palettes,song,天下トーイツA to Z☆,Unite! From A To Z,Tenka Toitsu A to Z☆,bestdori,Pastel Palettes\Unite! From A To Z.webp
130,Poppin'Party,song,最高(さあ行こう)！,"Excellent (Hey, Let's Go!)",Saikou (Saa Ikou!),bestdori,"Poppin'Party\Excellent (Hey, Let's Go!).webp"
132,"Hello, Happy World!",song,ハイファイブ∞あどべんちゃっ,High Five ∞ Adventure,High Five ∞ Adventure,bestdori,"Hello, Happy World!\High Five ∞ Adventure.webp"
142,Roselia,song,Sanctuary,Sanctuary,Sanctuary,bestdori,Roselia\Sanctuary.webp
143,Poppin'Party,song,ガールズコード,Girl's Code,Girl's Code,bestdori,Poppin'Party\Girl's Code.webp
144,Afterglow,song,ツナグ、ソラモヨウ,Tied to the Skies,"Tsunagu, Soramoyou",bestdori,Afterglow\Tied to the Skies.webp
148,Pastel Palettes,song,ゼッタイ宣言～Recital～,Zettai Sengen ~Recital~,Zettai Sengen ~Recital~,bestdori,Pastel Palettes\Zettai Sengen ~Recital~.webp
149,Roselia,song,R,R,R,bestdori,Roselia\R.webp
150,"Hello, Happy World!",song,キミがいなくちゃっ！,I need you!,Kimi ga Inakucha!,bestdori,"Hello, Happy World!\I need you!.webp"
153,Roselia,song,PASSIONATE ANTHEM,PASSIONATE ANTHEM,PASSIONATE ANTHEM,bestdori,Roselia\PASSIONATE ANTHEM.webp
155,Poppin'Party,song,Home Street,Home Street,Home Street,bestdori,Poppin'Party\Home Street.webp
156,Afterglow,song,ランブリングメモリー,Rumbling Memory,Rumbling Memory,bestdori,Afterglow\Rumbling Memory.webp
158,Poppin'Party,song,キズナミュージック♪,KIZUNA MUSIC♪,KIZUNA MUSIC♪,bestdori,Poppin'Party\KIZUNA MUSIC♪.webp
159,Roselia,song,BRAVE JEWEL,BRAVE JEWEL,BRAVE JEWEL,bestdori,Roselia\BRAVE JEWEL.webp
160,RAISE A SUILEN,song,R·I·O·T,R・I・O・T,R・I・O・T,bestdori,RAISE A SUILEN\R・I・O・T.webp
168,Roselia,song,Safe and Sound,Safe and Sound,Safe and Sound,bestdori,Roselia\Safe and Sound.webp
169,Pastel Palettes,song,ぎゅっDAYS♪,DAYS of Embrace♪,GyuuDAYS♪,bestdori,Pastel Palettes\DAYS of Embrace♪.webp
170,Poppin'Party,song,Jumpin',Jumpin',Jumpin',bestdori,Poppin'Party\Jumpin'.webp
171,"Hello, Happy World!",song,はれやか すこやか ぴかりんりん♪,Sunny Bright Pikarinrin♪,Hareyaka Sukoyaka Pikarinrin♪,bestdori,"Hello, Happy World!\Sunny Bright Pikarinrin♪.webp"
175,Roselia,song,Ringing Bloom,Ringing Bloom,Ringing Bloom,bestdori,Roselia\Ringing Bloom.webp
177,Poppin'Party,song,SAKURA MEMORIES,SAKURA MEMORIES,SAKURA MEMORIES,bestdori,Poppin'Party\SAKURA MEMORIES.webp
180,Poppin'Party,song,Returns,Returns,Returns,bestdori,Poppin'Party\Returns.webp
181,Poppin'Party,song,NO GIRL NO CRY,NO GIRL NO CRY,NO GIRL NO CRY,bestdori,Poppin'Party\NO GIRL NO CRY.webp
182,Poppin'Party,song,Dreamers Go!,Dreamers Go!,Dreamers Go!,bestdori,Poppin'Party\Dreamers Go!.webp
184,Afterglow,song,ON YOUR MARK,ON YOUR MARK,ON YOUR MARK,bestdori,Afterglow\ON YOUR MARK.webp
185,Afterglow,song,いつも通りのBrand new days,Brand New Days - Same As Always,Itsumo Doori no Brand new days,bestdori,Afterglow\Brand New Days - Same As Always.webp
186,Pastel Palettes,song,きゅ〜まい＊flower,Kyu～Mai＊Flower,Kyu~mai＊flower,bestdori,Pastel Palettes\Kyu～Mai＊Flower.webp
187,Roselia,song,FIRE BIRD,FIRE BIRD,FIRE BIRD,bestdori,Roselia\FIRE BIRD.webp
189,"Hello, Happy World!",song,えがお･シング･あ･ソング,Smiling & Singing A Song,Egao Sing A Song,bestdori,"Hello, Happy World!\Smiling & Singing A Song.webp"
193,Pastel Palettes,song,ワクワクmeetsトリップ,Pep Meets Step,Wakuwaku meets Trip,bestdori,Pastel Palettes\Pep Meets Step.webp
194,RAISE A SUILEN,song,UNSTOPPABLE,UNSTOPPABLE,UNSTOPPABLE,bestdori,RAISE A SUILEN\UNSTOPPABLE.webp
197,"Hello, Happy World!",song,にこ×にこ＝ハイパースマイルパワー！,Smile x Smile = Hyper Smile Power!,Nico x Nico = Hyper Smile Power!,bestdori,"Hello, Happy World!\Smile x Smile = Hyper Smile Power!.webp"
200,Roselia,song,約束,Promise,Yakusoku,bestdori,Roselia\Promise.webp
202,Poppin'Party,song,アニバーサリー,Anniversary,Anniversary,bestdori,Poppin'Party\Anniversary.webp
203,RAISE A SUILEN,song,A DECLARATION OF ×××,A DECLARATION OF ×××,A DECLARATION OF ×××,bestdori,RAISE A SUILEN\A DECLARATION OF ×××.webp
207,Afterglow,song,"Easy come, Easy go！","Easy come, Easy go！","Easy come, Easy go!",bestdori,"Afterglow\Easy come, Easy go！.webp"
210,Pastel Palettes,song,あっつあつ 常夏 らぶ☆サマー！,"Hot, Hot! Sunny Love☆Summer!",Attsu Atsu Tokonatsu Love☆Summer!,bestdori,"Pastel Palettes\Hot, Hot! Sunny Love☆Summer!.webp"
211,Poppin'Party,song,切ないSandglass,Setsunai Sandglass,Setsunai Sandglass,bestdori,Poppin'Party\Setsunai Sandglass.webp
212,"Hello, Happy World!",song,スマイルブーケで た〜まや〜！,Cheering for the Smile Bouquet!,Smile Bouquet de Ta~maya~!,bestdori,"Hello, Happy World!\Cheering for the Smile Bouquet!.webp"
214,Roselia,song,“UNIONS” Road,“UNIONS” Road,"""UNIONS"" Road",bestdori,Roselia\“UNIONS” Road.webp
219,Poppin'Party,song,Hello! Wink!,Hello! Wink!,Hello! Wink!,bestdori,Poppin'Party\Hello! Wink!.webp
220,Poppin'Party,song,What's the POPIPA!?,What's the POPIPA!?,What's the POPIPA!?,bestdori,Poppin'Party\What's the POPIPA!_.webp
222,Afterglow,song,Sasanqua,Sasanqua,Sasanqua,bestdori,Afterglow\Sasanqua.webp
226,Pastel Palettes,song,ゆめゆめグラデーション,Dream Gradient,Yume Yume Gradation,bestdori,Pastel Palettes\Dream Gradient.webp
230,"Hello, Happy World!",song,おもいでイルミネーション,Memory Illumination,Omoide Illumination,bestdori,"Hello, Happy World!\Memory Illumination.webp"
232,Poppin'Party,song,イニシャル,Initial,Initial,bestdori,Poppin'Party\Initial.webp
234,Poppin'Party,song,White Afternoon,White Afternoon,White Afternoon,bestdori,Poppin'Party\White Afternoon.webp
239,Poppin'Party,song,夢を撃ち抜く瞬間に！,Straight Through Our Dreams!,Yume wo Uchinuku Shunkan ni!,bestdori,Poppin'Party\Straight Through Our Dreams!.webp
240,Poppin'Party,song,開けたらDream!,Aketara Dream!,Aketara Dream!,bestdori,Poppin'Party\Aketara Dream!.webp
242,Pastel Palettes,song,Wonderful Sweet!,Wonderful Sweet!,Wonderful Sweet!,bestdori,Pastel Palettes\Wonderful Sweet!.webp
244,Poppin'Party,song,Step×Step！,Step×Step!,Step×Step!,bestdori,Poppin'Party\Step×Step!.webp
245,Roselia,song,Song I am.,Song I am.,Song I am.,bestdori,Roselia\Song I am.webp
247,RAISE A SUILEN,song,EXPOSE ‘Burn out!!!’,EXPOSE 'Burn out!!!',EXPOSE 'Burn out!!!',bestdori,RAISE A SUILEN\EXPOSE 'Burn out!!!'.webp
250,Roselia,song,Break your desire,Break your desire,Break your desire,bestdori,Roselia\Break your desire.webp
251,Afterglow,song,I love your way！,I love your way!,I love your way!,bestdori,Afterglow\I love your way!.webp
255,Morfonica,song,Daylight -デイライト-,Daylight,Daylight,bestdori,Morfonica\Daylight.webp
256,Morfonica,song,金色へのプレリュード,Prelude to Gold,Konjiki e no Prelude,bestdori,Morfonica\Prelude to Gold.webp
262,"Hello, Happy World!",song,うぃーきゃん☆フレフレっ！,We Can☆Hurray!,We Can☆Hurray!,bestdori,"Hello, Happy World!\We Can☆Hurray!.webp"
263,Morfonica,song,ブルームブルーム,Bloom Bloom,Bloom Bloom,bestdori,Morfonica\Bloom Bloom.webp
264,Pastel Palettes,song,Winking☆Cheer,Winking☆Cheer,Winking☆Cheer,bestdori,Pastel Palettes\Winking☆Cheer.webp
265,Poppin'Party,song,ミライトレイン,Mirai Train,Mirai Train,bestdori,Poppin'Party\Mirai Train.webp
266,Roselia,song,Avant-garde HISTORY,Avant-garde HISTORY,Avant-garde HISTORY,bestdori,Roselia\Avant-garde HISTORY.webp
270,Afterglow,song,RED RED RED,RED RED RED,RED RED RED,bestdori,Afterglow\RED RED RED.webp
271,Roselia,song,Blessing Chord,Blessing Chord,Blessing Chord,bestdori,Roselia\Blessing Chord.webp
278,Poppin'Party,song,Breakthrough!,Breakthrough!,Breakthrough!,bestdori,Poppin'Party\Breakthrough!.webp
279,Morfonica,song,flame of hope,flame of hope,Flame of hope,bestdori,Morfonica\flame of hope.webp
280,"Hello, Happy World!",song,えがお、み～っけた！,I found a smile~!,"Egao, mi~kketa!",bestdori,"Hello, Happy World!\I found a smile~!.webp"
284,Afterglow,song,I knew it!,I knew it!,I knew it!,bestdori,Afterglow\I knew it!.webp
288,RAISE A SUILEN,song,Beautiful Birthday,Beautiful Birthday,Beautiful Birthday,bestdori,RAISE A SUILEN\Beautiful Birthday.webp
289,RAISE A SUILEN,song,!NVADE SHOW!,!NVADE SHOW!,!NVADE SHOW!,bestdori,RAISE A SUILEN\!NVADE SHOW!.webp
290,Pastel Palettes,song,Power of LOVE!!!,Power of LOVE!!!,Power of LOVE!!!,bestdori,Pastel Palettes\Power of LOVE!!!.webp
291,Roselia,song,ZEAL of proud,ZEAL of proud,ZEAL of proud,bestdori,Roselia\ZEAL of proud.webp
293,Afterglow,song,ONE OF US,ONE OF US,ONE OF US,bestdori,Afterglow\ONE OF US.webp
294,Poppin'Party,song,Photograph,Photograph,Photograph,bestdori,Poppin'Party\Photograph.webp
300,Morfonica,song,ハーモニー・デイ,Harmony Day,Harmony Day,bestdori,Morfonica\Harmony Day.webp
301,RAISE A SUILEN,song,mind of Prominence,mind of Prominence,Mind of Prominence,bestdori,RAISE A SUILEN\mind of Prominence.webp
303,Pastel Palettes,song,TITLE IDOL,TITLE IDOL,TITLE IDOL,bestdori,Pastel Palettes\TITLE IDOL.webp
304,Afterglow,song,SENSENFUKOKU,SENSENFUKOKU,SENSENFUKOKU,bestdori,Afterglow\SENSENFUKOKU.webp
310,Roselia,song,Keep Heart,Keep Heart,Keep Heart,bestdori,Roselia\Keep Heart.webp
312,Poppin'Party,song,Sweets BAN!,Sweets BAN!,Sweets BAN!,bestdori,Poppin'Party\Sweets BAN!.webp
313,"Hello, Happy World!",song,にこにこねくと！,Smile Connection!,Nico Niconnect!,bestdori,"Hello, Happy World!\Smile Connection!.webp"
314,RAISE A SUILEN,song,OUTSIDER RODEO,OUTSIDER RODEO,OUTSIDER RODEO,bestdori,RAISE A SUILEN\OUTSIDER RODEO.webp
324,Pastel Palettes,song,るんっ♪てぃてぃー！,Boppin'♪ Identity!,Run'♪tteitei~!,bestdori,Pastel Palettes\Boppin'♪ Identity!.webp
325,RAISE A SUILEN,song,EXIST,EXIST,EXIST,bestdori,RAISE A SUILEN\EXIST.webp
326,Poppin'Party,song,Live Beyond!!,Live Beyond!!,Live Beyond!!,bestdori,Poppin'Party\Live Beyond!!.webp
327,Morfonica,song,Sonorous,Sonorous,Sonorous,bestdori,Morfonica\Sonorous.webp
328,Roselia,song,Proud of oneself,Proud of oneself,Proud of oneself,bestdori,Roselia\Proud of oneself.webp
330,Roselia,song,Original Call,Original Call,Original Call,bestdori,Roselia\Original Call.webp
337,Roselia,song,overtuRe,overtuRe,OvertuRe,bestdori,Roselia\overtuRe.webp
339,RAISE A SUILEN,song,Domination to world,Domination to world,Domination to world,bestdori,RAISE A SUILEN\Domination to world.webp
340,Afterglow,song,カナユメ,Kanayume,Kanayume,bestdori,Afterglow\Kanayume.webp
341,"Hello, Happy World!",song,ないすみちゅっ！,Nice to Meet You!,Nice to Meet You!,bestdori,"Hello, Happy World!\Nice to Meet You!.webp"
344,Roselia,song,Sing Alive,Sing Alive,Sing Alive,bestdori,Roselia\Sing Alive.webp
346,Roselia,song,Sprechchor,Sprechchor,Sprechchor,bestdori,Roselia\Sprechchor.webp
347,Morfonica,song,Secret Dawn,Secret Dawn,Secret Dawn,bestdori,Morfonica\Secret Dawn.webp
348,RAISE A SUILEN,song,灼熱 Bonfire!,Blazing Bonfire!,Shakunetsu Bonfire!,bestdori,RAISE A SUILEN\Blazing Bonfire!.webp
349,Poppin'Party,song,ここから先は歌にならない,A Song No More,Koko Kara Saki wa Uta ni Naranai,bestdori,Poppin'Party\A Song No More.webp
350,Roselia,song,Singing “OURS”,Singing “OURS”,"Singing ""OURS""",bestdori,Roselia\Singing “OURS”.webp
354,Poppin'Party,song,夏に閉じこめて,Shut Away in Summer,Natsu ni Tojikomete,bestdori,Poppin'Party\Shut Away in Summer.webp
356,Afterglow,song,Trouble Joyful!!,Trouble Joyful!!,Trouble Joyful!!,bestdori,Afterglow\Trouble Joyful!!.webp
359,RAISE A SUILEN,song,HELL! or HELL?,HELL! or HELL?,HELL! or HELL?,bestdori,RAISE A SUILEN\HELL! or HELL_.webp
360,RAISE A SUILEN,song,Sacred world,Sacred world,Sacred world,bestdori,RAISE A SUILEN\Sacred world.webp
362,"Hello, Happy World!",song,きらっ☆と キミフェス！,Sparkling Festival☆ with You!,Kira☆tto Kimifes!,bestdori,"Hello, Happy World!\Sparkling Festival☆ with You!.webp"
365,Morfonica,song,fly with the night,fly with the night,Fly with the night,bestdori,Morfonica\fly with the night.webp
370,Pastel Palettes,song,パッパレ☆人生！バーン万歳！,Pappare☆Life! Bang! Banzai!,Pappare☆Jinsei! Banbanzai!,bestdori,Pastel Palettes\Pappare☆Life! Bang! Banzai!.webp
371,Poppin'Party,song,勇気Limit！,Courage Limit!,Yuuki Limit!,bestdori,Poppin'Party\Courage Limit!.webp
372,Afterglow,song,Off we go.,Off we go.,Off we go.,bestdori,Afterglow\Off we go.webp
373,Roselia,song,Our Carol,Our Carol,Our Carol,bestdori,Roselia\Our Carol.webp
374,Morfonica,song,Fateful...,Fateful…,Fateful...,bestdori,Morfonica\Fateful….webp
375,RAISE A SUILEN,song,Embrace of light,Embrace of light,Embrace of light,bestdori,RAISE A SUILEN\Embrace of light.webp
383,RAISE A SUILEN,song,CORUSCATE -DNA-,CORUSCATE -DNA-,CORUSCATE-DNA-,bestdori,RAISE A SUILEN\CORUSCATE -DNA-.webp
390,Poppin'Party,song,ぽっぴん'どりーむ！,Poppin'Dream!,Poppin' Dream!,bestdori,Poppin'Party\Poppin'Dream!.webp
391,Poppin'Party,song,星の約束,Star Promise,Hoshi no Yakusoku,bestdori,Poppin'Party\Star Promise.webp
393,"Hello, Happy World!",song,現るっ！大怪盗ハロハッピー！,The Great Hello Happy Phantom Thief Appears!,Arawaru! Dai Kaitou Hello Happy!,bestdori,"Hello, Happy World!\The Great Hello Happy Phantom Thief Appears!.webp"
396,Pastel Palettes,song,Brand new Pastel Road！,Brand new Pastel Road!,Brand new Pastel Road!,bestdori,Pastel Palettes\Brand new Pastel Road!.webp
398,Morfonica,song,One step at a time,One step at a time,One step at a time,bestdori,Morfonica\One step at a time.webp
399,RAISE A SUILEN,song,Repaint,Repaint,Repaint,bestdori,RAISE A SUILEN\Repaint.webp
410,Roselia,song,閃光,FLASHLIGHT,Senkou,bestdori,Roselia\FLASHLIGHT.webp
413,RAISE A SUILEN,song,DRIVE US CRAZY,DRIVE US CRAZY,DRIVE US CRAZY,bestdori,RAISE A SUILEN\DRIVE US CRAZY.webp
414,Afterglow,song,サクラゼンセン,Sakura-zensen,Sakura Zensen,bestdori,Afterglow\Sakura-zensen.webp
416,Roselia,song,THE HISTORIC...,THE HISTORIC...,THE HISTORIC...,bestdori,Roselia\THE HISTORIC.webp
417,RAISE A SUILEN,song,Light a fire,Light a fire,Light a fire,bestdori,RAISE A SUILEN\Light a fire.webp
420,Pastel Palettes,song,あこがれacross,Akogare Across,Akogare across,bestdori,Pastel Palettes\Akogare Across.webp
421,"Hello, Happy World!",song,おもいやりハーモニー,Thoughtful Harmony,Omoiyari Harmony,bestdori,"Hello, Happy World!\Thoughtful Harmony.webp"
424,Pastel Palettes,song,ハレハレ☆フォーチュン,Sunny☆Fortune,Hare Hare☆Fortune,bestdori,Pastel Palettes\Sunny☆Fortune.webp
425,Afterglow,song,SWITCH ON NOW,SWITCH ON NOW,SWITCH ON NOW,bestdori,Afterglow\SWITCH ON NOW.webp
428,"Hello, Happy World!",song,Happy! Happier! Happiest!,Happy! Happier! Happiest!,Happy! Happier! Happiest!,bestdori,"Hello, Happy World!\Happy! Happier! Happiest!.webp"
431,Roselia,song,ROZEN HORIZON,ROZEN HORIZON,ROZEN HORIZON,bestdori,Roselia\ROZEN HORIZON.webp
432,RAISE A SUILEN,song,SOUL SOLDIER,SOUL SOLDIER,SOUL SOLDIER,bestdori,RAISE A SUILEN\SOUL SOLDIER.webp
433,Poppin'Party,song,大好き！,Daisuki!,Daisuki!,bestdori,Poppin'Party\Daisuki!.webp
434,Roselia,song,Swear 〜Night & Day〜,Swear ~Night & Day~,Swear ~Night & Day~,bestdori,Roselia\Swear ~Night & Day~.webp
435,Morfonica,song,"寄る辺のSunny, Sunny","Yorube no Sunny, Sunny","Yorube no Sunny, Sunny",bestdori,"Morfonica\Yorube no Sunny, Sunny.webp"
436,Morfonica,song,カラフルリバティー,Colorful Liberty,Colorful Liberty,bestdori,Morfonica\Colorful Liberty.webp
437,Pastel Palettes,song,ハナヒバナ,Hana Hibana,Hana Hibana,bestdori,Pastel Palettes\Hana Hibana.webp
440,RAISE A SUILEN,song,THE WAY OF LIFE,THE WAY OF LIFE,THE WAY OF LIFE,bestdori,RAISE A SUILEN\THE WAY OF LIFE.webp
441,Morfonica,song,The Circle Of Butterflies,The Circle Of Butterflies,The Circle Of Butterflies,bestdori,Morfonica\The Circle Of Butterflies.webp
442,Afterglow,song,独創収差,Dokusô-Shûsa,Dokusoushuusa,bestdori,Afterglow\Dokusô-Shûsa.webp
443,"Hello, Happy World!",song,うちゃパ！で ぱっぴかポーんっ！,Uchapa! de Pappikapo~n!,Uchapa! de Pappi ka Pon!,bestdori,"Hello, Happy World!\Uchapa! de Pappikapo~n!.webp"
447,Poppin'Party,song,Moonlight Walk,Moonlight Walk,Moonlight Walk,bestdori,Poppin'Party\Moonlight Walk.webp
448,RAISE A SUILEN,song,Invincible Fighter,Invincible Fighter,Invincible Fighter,bestdori,RAISE A SUILEN\Invincible Fighter.webp
449,RAISE A SUILEN,song,Takin’ my Heart,Takin’ my Heart,Takin' my Heart,bestdori,RAISE A SUILEN\Takin’ my Heart.webp
451,Afterglow,song,Punchline Halloween!!!,Punchline Halloween!!!,Punchline Halloween!!!,bestdori,Afterglow\Punchline Halloween!!!.webp
452,Poppin'Party,song,Future Place,Future Place,Future Place,bestdori,Poppin'Party\Future Place.webp
453,Roselia,song,Dear Gleam,Dear Gleam,Dear Gleam,bestdori,Roselia\Dear Gleam.webp
457,RAISE A SUILEN,song,DEAD HEAT BEAT,DEAD HEAT BEAT,DEAD HEAT BEAT,bestdori,RAISE A SUILEN\DEAD HEAT BEAT.webp
460,"Hello, Happy World!",song,えがお、あーゆーれでぃ???,"Smile, Are You Ready???","Egao, Are You Ready???",bestdori,"Hello, Happy World!\Smile, Are You Ready___.webp"
469,Poppin'Party,song,Five Letters,Five Letters,Five Letters,bestdori,Poppin'Party\Five Letters.webp
470,Afterglow,song,IGNITE GLOW,IGNITE GLOW,IGNITE GLOW,bestdori,Afterglow\IGNITE GLOW.webp
471,Morfonica,song,Sweet Cheers!,Sweet Cheers!,Sweet Cheers!,bestdori,Morfonica\Sweet Cheers!.webp
473,Roselia,song,一逢のFull Glory,The Sole Full Glory,Ichie no Full Glory,bestdori,Roselia\The Sole Full Glory.webp
476,Poppin'Party,song,RiNG A BELL,RiNG A BELL,RiNG A BELL,bestdori,Poppin'Party\RiNG A BELL.webp
488,Afterglow,song,Made My Day,Made My Day,Made My Day,bestdori,Afterglow\Made My Day.webp
489,MyGO!!!!!,song,迷星叫,Mayoiuta,Mayoi Uta,bestdori,MyGO!!!!!\Mayoiuta.webp
490,Poppin'Party,song,新しい季節に,In a New Season,Atarashii Kisetsu ni,bestdori,Poppin'Party\In a New Season.webp
492,Roselia,song,Call the shots,Call the shots,Call the shots,bestdori,Roselia\Call the shots.webp
493,Poppin'Party,song,最強☆ソング,Ultimate☆Song,Saikyou☆Song,bestdori,Poppin'Party\Ultimate☆Song.webp
495,RAISE A SUILEN,song,DANCING DARING,DANCING DARING,DANCING DARING,bestdori,RAISE A SUILEN\DANCING DARING.webp
500,Morfonica,song,Angel's Ladder,Angel's Ladder,Angel's Ladder,bestdori,Morfonica\Angel's Ladder.webp
504,"Hello, Happy World!",song,キミを れっつ・はぶ・ふぁん♪,"You, Let’s Have Fun ♪",Kimi wo Let's Have Fun♪,bestdori,"Hello, Happy World!\You, Let’s Have Fun ♪.webp"
505,RAISE A SUILEN,song,-N-E-M-E-S-I-S-,-N-E-M-E-S-I-S-,-N-E-M-E-S-I-S-,bestdori,RAISE A SUILEN\-N-E-M-E-S-I-S-.webp
510,Afterglow,song,ペトリコール・オベーション,Petrichor Ovation,Petrichor Ovation,bestdori,Afterglow\Petrichor Ovation.webp
511,Roselia,song,Sunlit Musical,Sunlit Musical,Sunlit Musical,bestdori,Roselia\Sunlit Musical.webp
512,MyGO!!!!!,song,壱雫空,Hitoshizuku,Hitoshizuku,bestdori,MyGO!!!!!\Hitoshizuku.webp
513,MyGO!!!!!,song,栞,Shiori,Shiori,bestdori,MyGO!!!!!\Shiori.webp
515,MyGO!!!!!,song,碧天伴走,Hekitenbansou,Hekitenbansou,bestdori,MyGO!!!!!\Hekitenbansou.webp
520,Morfonica,song,Ever Sky Blue,Ever Sky Blue,Ever Sky Blue,bestdori,Morfonica\Ever Sky Blue.webp
521,Afterglow,song,極彩色,Vivid Color,Gokusaishiki,bestdori,Afterglow\Vivid Color.webp
522,MyGO!!!!!,song,詩超絆,Utakotoba,Utakotoba,bestdori,MyGO!!!!!\Utakotoba.webp
523,"Hello, Happy World!",song,ボクらの夏's☆ショーたいむっ！！,Our Summer's☆Showtime!!,Bokura no Natsu's☆Showtime!!,bestdori,"Hello, Happy World!\Our Summer's☆Showtime!!.webp"
524,"Hello, Happy World!",song,ふぁいぶスマイル◯オールインっ！,Five Smiles 〇All In!,Five Smile◯All In!,bestdori,"Hello, Happy World!\Five Smiles 〇All In!.webp"
525,MyGO!!!!!,song,迷路日々,Melody,Melody,bestdori,MyGO!!!!!\Melody.webp
526,Afterglow,song,燦々,Sansan,Sansan,bestdori,Afterglow\Sansan.webp
527,Poppin'Party,song,ほな！,Alrighty!,Hona!,bestdori,Poppin'Party\Alrighty!.webp
530,Morfonica,song,音がえしのセレナーデ,Serenade of gratitude sound,Ongaeshi no Serenade,bestdori,Morfonica\Serenade of gratitude sound.webp
531,Ave Mujica,song,Ave Mujica,Ave Mujica,,bestdori,Ave Mujica\Ave Mujica.webp
540,MyGO!!!!!,song,影色舞,Silhouette Dance,Silhouette Dance,bestdori,MyGO!!!!!\Silhouette Dance.webp
542,MyGO!!!!!,song,歌いましょう鳴らしましょう,"Let's Sing, Let it Ring",Utaimashou Narashimashou,bestdori,"MyGO!!!!!\Let's Sing, Let it Ring.webp"
543,Roselia,song,THRONE OF ROSE,THRONE OF ROSE,THRONE OF ROSE,bestdori,Roselia\THRONE OF ROSE.webp
548,Pastel Palettes,song,everyday flower,everyday flower,Everyday flower,bestdori,Pastel Palettes\everyday flower.webp
549,RAISE A SUILEN,song,BATTLE CRY,BATTLE CRY,BATTLE CRY,bestdori,RAISE A SUILEN\BATTLE CRY.webp
551,Afterglow,song,That's why I'm here,That's why I'm here,That's why I'm here.,bestdori,Afterglow\That's why I'm here.webp
553,MyGO!!!!!,song,処救生,Kokyu,Kokyuu,bestdori,MyGO!!!!!\Kokyu.webp
554,Poppin'Party,song,Chu Chueen!,Chu Chueen!,Chu Chueen!,bestdori,Poppin'Party\Chu Chueen!.webp
555,Morfonica,song,Merry Merry Thanks!!,Merry Merry Thanks!!,Merry Merry Thanks!!,bestdori,Morfonica\Merry Merry Thanks!!.webp
557,Poppin'Party,song,青春 To Be Continued,Youthful Days To Be Continued,Seishun To Be Continued,bestdori,Poppin'Party\Youthful Days To Be Continued.webp
558,Roselia,song,覚悟のLiberation,Liberation of the Determination,Kakugo no Liberation,bestdori,Roselia\Liberation of the Determination.webp
559,"Hello, Happy World!",song,らいふ・いず・みゅーじかるっ♪♪♪,Life is Musical♪♪♪,Life Is Musical♪♪♪,bestdori,"Hello, Happy World!\Life is Musical♪♪♪.webp"
572,Pastel Palettes,song,Radiate Warriors,Radiate Warriors,Radiate Warriors,bestdori,Pastel Palettes\Radiate Warriors.webp
577,Afterglow,song,A Sunset So Bright,A Sunset So Bright,A Sunset So Bright,bestdori,Afterglow\A Sunset So Bright.webp
579,RAISE A SUILEN,song,Ray of hope,Ray of hope,Ray of hope,bestdori,RAISE A SUILEN\Ray of hope.webp
580,MyGO!!!!!,song,輪符雨,Refrain,Refrain,bestdori,MyGO!!!!!\Refrain.webp
581,Morfonica,song,蒼穹へのトレイル,Trail to the Blue Sky,Soukyuu e no Trail,bestdori,Morfonica\Trail to the Blue Sky.webp
582,Pastel Palettes,song,ドラマチック！アライブ,Dramatic! Alive,Dramatic! Alive,bestdori,Pastel Palettes\Dramatic! Alive.webp
583,Pastel Palettes,song,ReReReエボリューションず☆,ReReRe Evolutions☆,ReReRe Evolutions☆,bestdori,Pastel Palettes\ReReRe Evolutions☆.webp
584,Roselia,song,VIOLET LINE,VIOLET LINE,VIOLET LINE,bestdori,Roselia\VIOLET LINE.webp
585,Roselia,song,Always recall.,Always recall.,Always recall.,bestdori,Roselia\Always recall.webp
586,Morfonica,song,誓いのWingbeat,Wingbeat of Promise,Chikai no Wingbeat,bestdori,Morfonica\Wingbeat of Promise.webp
599,Poppin'Party,song,トレモロアイズ,Tremolo Eyes,Tremolo Eyes,bestdori,Poppin'Party\Tremolo Eyes.webp
600,"Hello, Happy World!",song,むすんでわらって,Connect and Smile,Musunde Waratte,bestdori,"Hello, Happy World!\Connect and Smile.webp"
601,Morfonica,song,両翼のBrilliance,Brilliance of Wings,Ryouyoku no Brilliance,bestdori,Morfonica\Brilliance of Wings.webp
602,RAISE A SUILEN,song,Life on the Lotus,Life on the Lotus,Life on the Lotus,bestdori,RAISE A SUILEN\Life on the Lotus.webp
603,Pastel Palettes,song,フレっとパレットFight Song!!,Furetto Palettes Fight Song!!,Furetto Palettes Fight Song!!,bestdori,Pastel Palettes\Furetto Palettes Fight Song!!.webp
604,Pastel Palettes,song,トリドリ＊パレット,Toridori Palettes,Toridori*Palettes,bestdori,Pastel Palettes\Toridori Palettes.webp
605,Morfonica,song,メランコリックララバイ,Melancholic Lullaby,Melancholic Lullaby,bestdori,Morfonica\Melancholic Lullaby.webp
606,RAISE A SUILEN,song,V.I.P MONSTER,V.I.P MONSTER,V.I.P MONSTER,bestdori,RAISE A SUILEN\V.I.P MONSTER.webp
607,"Hello, Happy World!",song,サンバロハッピ〜！,Let's Samba de Happy!,Sambaro Happy~!,bestdori,"Hello, Happy World!\Let's Samba de Happy!.webp"
609,Roselia,song,Floral Haven,Floral Haven,Floral Haven,bestdori,Roselia\Floral Haven.webp
611,Afterglow,song,Glowing After,Glowing After,Glowing After,bestdori,Afterglow\Glowing After.webp
612,Morfonica,song,Wreath of Brave,Wreath of Brave,Wreath of Brave,bestdori,Morfonica\Wreath of Brave.webp
614,Poppin'Party,song,雨上がり、キミと,"After the Rain, With You","Ameagari, Kimi to",bestdori,"Poppin'Party\After the Rain, With You.webp"
616,Roselia,song,Sage der Rosen,Sage der Rosen,Sage der Rosen,bestdori,Roselia\Sage der Rosen.webp
618,Roselia,song,礎の花冠,Cornerstone Corolla,Ishizue no Hanakanmuri,bestdori,Roselia\Cornerstone Corolla.webp
619,"Hello, Happy World!",song,Listen to Smile!,Listen to Smile!,Listen to Smile!,bestdori,"Hello, Happy World!\Listen to Smile!.webp"
621,Pastel Palettes,song,With〜きみとわたしたちの物語〜,With〜The Story of You and Us〜,With ~Kimi to Watashitachi no Monogatari~,bestdori,Pastel Palettes\With〜The Story of You and Us〜.webp
622,Afterglow,song,Start as Usual,Start as Usual,Start as Usual,bestdori,Afterglow\Start as Usual.webp
623,RAISE A SUILEN,song,Bad Kids All Bet,Bad Kids All Bet,Bad Kids All Bet,bestdori,RAISE A SUILEN\Bad Kids All Bet.webp
624,MyGO!!!!!,song,名無声,Namonaki,Namonaki,bestdori,MyGO!!!!!\Namonaki.webp
625,Poppin'Party,song,花咲く未来に,For the Blooming Future,Hanasaku Mirai ni,bestdori,Poppin'Party\For the Blooming Future.webp
635,MyGO!!!!!,song,過惰幻,Adayume,Adayume,bestdori,MyGO!!!!!\Adayume.webp
636,Morfonica,song,ティリカモニカリラ,Tilica Monicalila,Tilika Monica-lila,bestdori,Morfonica\Tilica Monicalila.webp
638,Roselia,song,FRONTIER FANTASIA,FRONTIER FANTASIA,FRONTIER FANTASIA,bestdori,Roselia\FRONTIER FANTASIA.webp
641,"Hello, Happy World!",song,ハイタッチ／＼びりーばーず☆,High Touch／＼Believers☆,High Five／＼Believers☆,bestdori,"Hello, Happy World!\High Touch／＼Believers☆.webp"
642,MyGO!!!!!,song,歩拾道,Speed,Speed,bestdori,MyGO!!!!!\Speed.webp
643,Poppin'Party,song,DOKI DOKI SCARY,DOKI DOKI SCARY,DOKI DOKI SCARY,bestdori,Poppin'Party\DOKI DOKI SCARY.webp
645,Pastel Palettes,song,ホワイト ノスタルジア,White Nostalgia,White Nostalgia,bestdori,Pastel Palettes\White Nostalgia.webp
646,Afterglow,song,“Say cheese!!!!!”,“Say cheese!!!!!”,"""Say cheese!!!!!""",bestdori,Afterglow\“Say cheese!!!!!”.webp
647,RAISE A SUILEN,song,VIVID FIRST TIME,VIVID FIRST TIME,VIVID FIRST TIME,bestdori,RAISE A SUILEN\VIVID FIRST TIME.webp
650,Poppin'Party,song,TARINAI,TARINAI,TARINAI,bestdori,Poppin'Party\TARINAI.webp
652,RAISE A SUILEN,song,WELCOME TO PANDEMONIUM,WELCOME TO PANDEMONIUM,WELCOME TO PANDEMONIUM,bestdori,RAISE A SUILEN\WELCOME TO PANDEMONIUM.webp
654,Morfonica,song,Tempest,Tempest,Tempest,bestdori,Morfonica\Tempest.webp
659,Ave Mujica,song,KiLLKiSS,KiLLKiSS,KiLLKiSS,bestdori,Ave Mujica\KiLLKiSS.webp
661,Ave Mujica,song,"Georgette Me, Georgette You","Georgette Me, Georgette You","Georgette Me, Georgette You",bestdori,"Ave Mujica\Georgette Me, Georgette You.webp"
662,RAISE A SUILEN,song,JUST THE WAY I AM,JUST THE WAY I AM,JUST THE WAY I AM,bestdori,RAISE A SUILEN\JUST THE WAY I AM.webp
663,Morfonica,song,Steer to Utopia,Steer to Utopia,Steer to Utopia,bestdori,Morfonica\Steer to Utopia.webp
664,"Hello, Happy World!",song,れっつ・スマイル・すとり〜みんぐっ♪,Let's Smile Strea~ming♪,Let's Smile Strea~ming♪,bestdori,"Hello, Happy World!\Let's Smile Strea~ming♪.webp"
665,Roselia,song,Grateful Melting,Grateful Melting,Grateful Melting,bestdori,Roselia\Grateful Melting.webp
666,Afterglow,song,花笑みのデュオ,Duo of Blooming Smiles,Hana Egao no Duo,bestdori,Afterglow\Duo of Blooming Smiles.webp
668,MyGO!!!!!,song,音一会,Otoichie,Otoichie,bestdori,MyGO!!!!!\Otoichie.webp
670,Ave Mujica,song,Imprisoned XII,Imprisoned XII,Imprisoned XII,bestdori,Ave Mujica\Imprisoned XII.webp
671,Ave Mujica,song,Crucifix X,Crucifix X,Crucifix X,bestdori,Ave Mujica\Crucifix X.webp
672,RAISE A SUILEN,song,HOWLING AMBITION,HOWLING AMBITION,HOWLING AMBITION,bestdori,RAISE A SUILEN\HOWLING AMBITION.webp
682,Ave Mujica,song,八芒星ダンス,Octagram Dance,Hachibousei Dance,bestdori,Ave Mujica\Octagram Dance.webp
683,MyGO!!!!!,song,聿日箋秋,Ichijitsusenshu,Ichijitsusenshu,bestdori,MyGO!!!!!\Ichijitsusenshu.webp
684,MyGO!!!!!,song,焚音打,Tanebi,Tanebi,bestdori,MyGO!!!!!\Tanebi.webp
685,Ave Mujica,song,顔,Alter Ego,Kao,bestdori,Ave Mujica\Alter Ego.webp
686,Ave Mujica,song,天球(そら)のMúsica,Musica Caelestis,,bestdori,Ave Mujica\Musica Caelestis.webp
687,Pastel Palettes,song,デイオフ・ラフ・ラブ・サンクス,Day off Laugh Love Thanks,Day off ~Laugh Love Thanks~,bestdori,Pastel Palettes\Day off Laugh Love Thanks.webp
690,Roselia,song,Second to None,Second to None,Second to None,bestdori,Roselia\Second to None.webp
691,"Hello, Happy World!",song,やっほー！いっぽ！わんだふぉー！,Yahhoo! Ippo! Wonderful!,Yahoo! Ippo! Wonderful!,bestdori,"Hello, Happy World!\Yahhoo! Ippo! Wonderful!.webp"
692,Morfonica,song,Portray Empathy,Portray Empathy,Portray Empathy,bestdori,Morfonica\Portray Empathy.webp
693,RAISE A SUILEN,song,REIGNING,REIGNING,REIGNING,bestdori,RAISE A SUILEN\REIGNING.webp
696,Roselia,song,Dazzle the Destiny,Dazzle the Destiny,Dazzle the Destiny,bestdori,Roselia\Dazzle the Destiny.webp
698,MyGO!!!!!,song,潜在表明,Senzai Hyoumei,Senzai Hyoumei,bestdori,MyGO!!!!!\Senzai Hyoumei.webp
700,Afterglow,song,Against the Light,Against the Light,Against the Light,bestdori,Afterglow\Against the Light.webp
701,Poppin'Party,song,Tomorrow’s Door,Tomorrow’s Door,Tomorrow's Door,bestdori,Poppin'Party\Tomorrow’s Door.webp
703,Morfonica,song,Polyphonyscape,Polyphonyscape,Polyphonyscape,bestdori,Morfonica\Polyphonyscape.webp
705,Ave Mujica,song,黒のバースデイ,Black Birthday,Kuro no Birthday,bestdori,Ave Mujica\Black Birthday.webp
706,RAISE A SUILEN,song,FIVE as ONE,FIVE as ONE,FIVE as ONE,bestdori,RAISE A SUILEN\FIVE as ONE.webp
708,Morfonica,song,Feathered Dreams,Feathered Dreams,Feathered Dreams,bestdori,Morfonica\Feathered Dreams.webp
709,Pastel Palettes,song,Shine ☆n My Life!,Shine ☆n My Life!,,bestdori,Pastel Palettes\Shine ☆n My Life!.webp
712,Poppin'Party,song,Drive Your Heart,Drive Your Heart,Drive Your Heart,bestdori,Poppin'Party\Drive Your Heart.webp
713,Roselia,song,紫炎,Violet Flame,,bestdori,Roselia\Violet Flame.webp
714,Roselia,song,Steadfast Spirits,Steadfast Spirits,,bestdori,Roselia\Steadfast Spirits.webp
715,MyGO!!!!!,song,残痕字,Page,Page,bestdori,MyGO!!!!!\Page.webp
717,Roselia,song,Requiem for Fate,Requiem for Fate,Requiem for Fate,bestdori,Roselia\Requiem for Fate.webp
718,Morfonica,song,Color of Us,Color of Us,,bestdori,Morfonica\Color of Us.webp
719,MyGO!!!!!,song,往欄印,Ourai,Ourai,bestdori,MyGO!!!!!\Ourai.webp
720,"Hello, Happy World!",song,スタ〜リング ☆じぶん☆,Starring ☆Myself☆,,bestdori,"Hello, Happy World!\Starring ☆Myself☆.webp"
721,"Hello, Happy World!",song,とーくとぅみー・とーくとぅゆー,"Talk to me, Talk to you",,bestdori,"Hello, Happy World!\Talk to me, Talk to you.webp"
723,Pastel Palettes,song,スキ×すき×カラフリィ,Suki×Suki×Colorfully,,bestdori,Pastel Palettes\Suki×Suki×Colorfully.webp
724,Morfonica,song,Resonant Strings,Resonant Strings,,bestdori,Morfonica\Resonant Strings.webp
725,RAISE A SUILEN,song,'FIGHT' ADDICT,'FIGHT' ADDICT,,bestdori,RAISE A SUILEN\'FIGHT' ADDICT.webp
726,Afterglow,song,Feel so good!,Feel so good!,,bestdori,Afterglow\Feel so good!.webp
728,Morfonica,song,ビューティ・フォー,Beauty·For,,bestdori,Morfonica\Beauty·For.webp
735,MyGO!!!!!,song,エガクミライ,Egakumirai,Egakumirai,bestdori,MyGO!!!!!\Egakumirai.webp
737,Ave Mujica,song,Mas?uerade Rhapsody Re?uest,Mas?uerade Rhapsody Re?uest,Mas?uerade Rhapsody Re?uest,bestdori,Ave Mujica\Mas_uerade Rhapsody Re_uest.webp
738,Afterglow,song,Part of the Life,Part of the Life,,bestdori,Afterglow\Part of the Life.webp
739,RAISE A SUILEN,song,BIBIBABI BRAVER,BIBIBABI BRAVER,,bestdori,RAISE A SUILEN\BIBIBABI BRAVER.webp
741,Poppin'Party,song,世界中の青空をあつめて,Gather All the Blue Skies in the World,,bestdori,Poppin'Party\Gather All the Blue Skies in the World.webp
742,Pastel Palettes,song,きみCharmin',You Charmin',,bestdori,Pastel Palettes\You Charmin'.webp
746,Roselia,song,Fear Nothing,Fear Nothing,,bestdori,Roselia\Fear Nothing.webp
748,"Hello, Happy World!",song,まぶしいねっ☆ そのえがお！,So Dazzling☆That Smile!,,bestdori,"Hello, Happy World!\So Dazzling☆That Smile!.webp"
750,"Hello, Happy World!",song,スマイリーキャロル,Smiley Carol,,bestdori,"Hello, Happy World!\Smiley Carol.webp"
754,MyGO!!!!!,song,端程山,Panorama,Panorama,bestdori,MyGO!!!!!\Panorama.webp
755,RAISE A SUILEN,song,Drown Out the Noise and Push Through the Trash,Drown Out the Noise and Push Through the Trash,,bestdori,RAISE A SUILEN\Drown Out the Noise and Push Through the Trash.webp
764,Morfonica,song,Shining Leaves,Shining Leaves,,bestdori,Morfonica\Shining Leaves.webp
766,RAISE A SUILEN,song,RUNAWAY STAR,RUNAWAY STAR,,bestdori,RAISE A SUILEN\RUNAWAY STAR.webp
767,Afterglow,song,Choco Typhooooon!!,Choco Typhooooon!!,,bestdori,Afterglow\Choco Typhooooon!!.webp
768,Poppin'Party,song,どきどきデエト,Doki Doki Date,,bestdori,Poppin'Party\Doki Doki Date.webp
771,Roselia,song,Talk to My Tone,Talk to My Tone,,bestdori,Roselia\Talk to My Tone.webp
772,Pastel Palettes,song,Thanks to you.,Thanks to you.,,bestdori,Pastel Palettes\Thanks to you.webp
773,"Hello, Happy World!",song,かぽーんっと極楽☆ 湯〜とぴあ！,Kapontto Gokuraku ☆ Yuutopia!,,bestdori,"Hello, Happy World!\Kapontto Gokuraku ☆ Yuutopia!.webp"
782,Poppin'Party,song,Game Changer,Game Changer,,bestdori,Poppin'Party\Game Changer.webp
785,Morfonica,song,Painting New Dawn,Painting New Dawn,,bestdori,Morfonica\Painting New Dawn.webp
788,Afterglow,song,証は赫く,Akashi wa Akaku,,bestdori,Afterglow\Akashi wa Akaku.webp
789,RAISE A SUILEN,song,WHAT AN EXPLOSION,WHAT AN EXPLOSION,,bestdori,RAISE A SUILEN\WHAT AN EXPLOSION.webp
793,Roselia,song,XV,XV,,bestdori,Roselia\XV.webp
796,MyGO!!!!!,song,無路矢,Noroshi,Noroshi,bestdori,MyGO!!!!!\Noroshi.webp
798,Morfonica,song,胡蝶翔る星月夜,Kocho Kakeru Hoshitsukiyo,,bestdori,Morfonica\Kocho Kakeru Hoshitsukiyo.webp
799,Pastel Palettes,song,Come to see YOU!!,Come to see YOU!!,,bestdori,Pastel Palettes\Come to see YOU!!.webp
800,"Hello, Happy World!",song,ほれぼれっ☆すまいるゴール！,Horebore ☆ SMILE GOAL!,,bestdori,"Hello, Happy World!\Horebore ☆ SMILE GOAL!.webp"
801,Poppin'Party,song,Amore,Amore,,bestdori,Poppin'Party\Amore.webp
802,Roselia,song,who we aRe,who we aRe,,bestdori,Roselia\who we aRe.webp
803,Morfonica,song,Wings of the Lights,Wings of the Lights,,bestdori,Morfonica\Wings of the Lights.webp
805,Afterglow,song,夕影と歌う この先も,夕影と歌う この先も,,bestdori,Afterglow\夕影と歌う この先も.webp
806,Pastel Palettes,song,Rainbow of Dreams,Rainbow of Dreams,,bestdori,Pastel Palettes\Rainbow of Dreams.webp
808,RAISE A SUILEN,song,I AM WHO I AM,I AM WHO I AM,,bestdori,RAISE A SUILEN\I AM WHO I AM.webp
810,"Hello, Happy World!",song,好き・スキ・だいすき〜ズっ！,好き・スキ・だいすき〜ズっ！,,bestdori,"Hello, Happy World!\好き・スキ・だいすき〜ズっ！.webp"
812,Roselia,song,Resound the Way,Resound the Way,,bestdori,Roselia\Resound the Way.webp
813,Roselia,song,この蒼き闇と光,この蒼き闇と光,,bestdori,Roselia\この蒼き闇と光.webp
821,Poppin'Party,song,ライムライト,ライムライト,,bestdori,Poppin'Party\ライムライト.webp
,MyGO!!!!!,song,,Again,Again,fandom (not on Bestdori),MyGO!!!!!\Again.webp
,Ave Mujica,song,,Angles,Angles,fandom (not on Bestdori),Ave Mujica\Angles.webp
,RAISE A SUILEN,song,,Apocalypse,Apocalypse,fandom (not on Bestdori),RAISE A SUILEN\Apocalypse.webp
,Ave Mujica,song,,Ave Mujica (song),Ave Mujica (song),fandom (not on Bestdori),Ave Mujica\Ave Mujica (song).webp
,RAISE A SUILEN,song,,BERSER-KEY,BERSER-KEY,fandom (not on Bestdori),RAISE A SUILEN\BERSER-KEY.webp
,Mugendai Mewtype,song,,Big Mouth,Big Mouth,fandom (not on Bestdori),Mugendai Mewtype\Big Mouth.webp
,Ave Mujica,song,,Choir ‘S’ Choir,Choir ‘S’ Choir,fandom (not on Bestdori),Ave Mujica\Choir ‘S’ Choir.webp
,Ave Mujica,song,,DIVINE,DIVINE,fandom (not on Bestdori),Ave Mujica\DIVINE.webp
,Mugendai Mewtype,song,,Empty Puppet,Empty Puppet,fandom (not on Bestdori),Mugendai Mewtype\Empty Puppet.webp
,Morfonica,song,,Esora no clover,Esora no clover,fandom (not on Bestdori),Morfonica\Esora no clover.webp
,Ave Mujica,song,,Ether,Ether,fandom (not on Bestdori),Ave Mujica\Ether.webp
,Ave Mujica,song,,Futatsu no Tsuki ~Deep Into The Forest~,Futatsu no Tsuki ~Deep Into The Forest~,fandom (not on Bestdori),Ave Mujica\Futatsu no Tsuki ~Deep Into The Forest~.webp
,Mugendai Mewtype,song,,Genkai Genjitsu Survival Tenshi,Genkai Genjitsu Survival Tenshi,fandom (not on Bestdori),Mugendai Mewtype\Genkai Genjitsu Survival Tenshi.webp
,Mugendai Mewtype,song,,Gradient,Gradient,fandom (not on Bestdori),Mugendai Mewtype\Gradient.webp
,Mugendai Mewtype,song,,Hi-Vision,Hi-Vision,fandom (not on Bestdori),Mugendai Mewtype\Hi-Vision.webp
,MyGO!!!!!,song,,Kaisou,Kaisou,fandom (not on Bestdori),MyGO!!!!!\Kaisou.webp
,Ave Mujica,song,,"Kamisama, Baka","Kamisama, Baka",fandom (not on Bestdori),"Ave Mujica\Kamisama, Baka.webp"
,Poppin'Party,song,,Kimi ga Hajimaru!,Kimi ga Hajimaru!,fandom (not on Bestdori),Poppin'Party\Kimi ga Hajimaru!.webp
,Poppin'Party,song,,Kirakira Star!,Kirakira Star!,fandom (not on Bestdori),Poppin'Party\Kirakira Star!.webp
,Mugendai Mewtype,song,,Kohaku,Kohaku,fandom (not on Bestdori),Mugendai Mewtype\Kohaku.webp
,MyGO!!!!!,song,,Kokoro,Kokoro,fandom (not on Bestdori),MyGO!!!!!\Kokoro.webp
,Mugendai Mewtype,song,,Komyu Chakka Fire!,Komyu Chakka Fire!,fandom (not on Bestdori),Mugendai Mewtype\Komyu Chakka Fire!.webp
,Morfonica,song,,Kyou mo Merry go rounD,Kyou mo Merry go rounD,fandom (not on Bestdori),Morfonica\Kyou mo Merry go rounD.webp
,Mugendai Mewtype,song,,LET'S Achichi Training!,LET'S Achichi Training!,fandom (not on Bestdori),Mugendai Mewtype\LET'S Achichi Training!.webp
,Morfonica,song,,MUGEN Reverberate!,MUGEN Reverberate!,fandom (not on Bestdori),Morfonica\MUGEN Reverberate!.webp
,Mugendai Mewtype,song,,Mayonaka Yuenchi,Mayonaka Yuenchi,fandom (not on Bestdori),Mugendai Mewtype\Mayonaka Yuenchi.webp
,MyGO!!!!!,song,,Mist,Mist,fandom (not on Bestdori),MyGO!!!!!\Mist.webp
,Mugendai Mewtype,song,,Mugen My World,Mugen My World,fandom (not on Bestdori),Mugendai Mewtype\Mugen My World.webp
,Mugendai Mewtype,song,,Newtype wa Virtual no Yume wo Miru ka?,Newtype wa Virtual no Yume wo Miru ka?,fandom (not on Bestdori),Mugendai Mewtype\Newtype wa Virtual no Yume wo Miru ka_.webp
,RAISE A SUILEN,song,,POLARIS,POLARIS,fandom (not on Bestdori),RAISE A SUILEN\POLARIS.webp
,Morfonica,song,,Phrasing Mirage,Phrasing Mirage,fandom (not on Bestdori),Morfonica\Phrasing Mirage.webp
,RAISE A SUILEN,song,,STRAY CERBERUS,STRAY CERBERUS,fandom (not on Bestdori),RAISE A SUILEN\STRAY CERBERUS.webp
,MyGO!!!!!,song,,Sasurai,Sasurai,fandom (not on Bestdori),MyGO!!!!!\Sasurai.webp
,MyGO!!!!!,song,,Shoushinshoumei,Shoushinshoumei,fandom (not on Bestdori),MyGO!!!!!\Shoushinshoumei.webp
,Ave Mujica,song,,Sora no Música,Sora no Música,fandom (not on Bestdori),Ave Mujica\Sora no Música.webp
,Ave Mujica,song,,Subarashiki Sekai demo Dokonimonai Basho,Subarashiki Sekai demo Dokonimonai Basho,fandom (not on Bestdori),Ave Mujica\Subarashiki Sekai demo Dokonimonai Basho.webp
,Ave Mujica,song,,Symbol I: △,Symbol I: △,fandom (not on Bestdori),Ave Mujica\Symbol I_ △.webp
,Ave Mujica,song,,Symbol II: 🜁,Symbol II: 🜁,fandom (not on Bestdori),Ave Mujica\Symbol II_ 🜁.webp
,Ave Mujica,song,,Symbol III: ▽,Symbol III: ▽,fandom (not on Bestdori),Ave Mujica\Symbol III_ ▽.webp
,Ave Mujica,song,,Symbol IV: 🜃,Symbol IV: 🜃,fandom (not on Bestdori),Ave Mujica\Symbol IV_ 🜃.webp
,Mugendai Mewtype,song,,TRASH LIFE,TRASH LIFE,fandom (not on Bestdori),Mugendai Mewtype\TRASH LIFE.webp
,RAISE A SUILEN,song,,TWIN TALE,TWIN TALE,fandom (not on Bestdori),RAISE A SUILEN\TWIN TALE.webp
,Mugendai Mewtype,song,,Telepathy,Telepathy,fandom (not on Bestdori),Mugendai Mewtype\Telepathy.webp
,Morfonica,song,,Watashi Machigai Sagashi,Watashi Machigai Sagashi,fandom (not on Bestdori),Morfonica\Watashi Machigai Sagashi.webp
,Mugendai Mewtype,song,,YoU kNOw the overture,YoU kNOw the overture,fandom (not on Bestdori),Mugendai Mewtype\YoU kNOw the overture.webp
,MyGO!!!!!,song,,Yokaze,Yokaze,fandom (not on Bestdori),MyGO!!!!!\Yokaze.webp
,Mugendai Mewtype,song,,✞animal Party✞Kaisaichuu✞,✞animal Party✞Kaisaichuu✞,fandom (not on Bestdori),Mugendai Mewtype\✞animal Party✞Kaisaichuu✞.webp
,Mugendai Mewtype,song,,Ai no Mugen,Ai no Mugen,miraheze: single,Mugendai Mewtype\Ai no Mugen.webp
,Ave Mujica,song,,Aoi Hitomi no Naka ni,Aoi Hitomi no Naka ni,miraheze: Game,Ave Mujica\Aoi Hitomi no Naka ni.webp
,Mugendai Mewtype,song,,Calling,Calling,miraheze: single,Mugendai Mewtype\Calling.webp
,millsage,song,,Carnation no Saku Hi ni,Carnation no Saku Hi ni,miraheze: single,millsage\Carnation no Saku Hi ni.webp
,Mugendai Mewtype,song,,Chou Wakusei X e no Tabi,Chou Wakusei X e no Tabi,miraheze: single,Mugendai Mewtype\Chou Wakusei X e no Tabi.webp
,Mugendai Mewtype,song,,Dongaragasshan,Dongaragasshan,miraheze: single,Mugendai Mewtype\Dongaragasshan.webp
,Mugendai Mewtype,song,,Dream Voyage,Dream Voyage,miraheze: single,Mugendai Mewtype\Dream Voyage.webp
,Ikka Dumb Rock!,song,,Giant Killer Tune,Giant Killer Tune,miraheze: single,Ikka Dumb Rock!\Giant Killer Tune.webp
,Ikka Dumb Rock!,song,,Homie's Tie!!,Homie's Tie!!,miraheze: single,Ikka Dumb Rock!\Homie's Tie!!.webp
,Ikka Dumb Rock!,song,,Keep on Riddim,Keep on Riddim,miraheze: single,Ikka Dumb Rock!\Keep on Riddim.webp
,millsage,song,,Kishi Kaisen,Kishi Kaisen,miraheze: single,millsage\Kishi Kaisen.webp
,Mugendai Mewtype,song,,Mewtan to Mutant,Mewtan to Mutant,miraheze: single,Mugendai Mewtype\Mewtan to Mutant.webp
,millsage,song,,Narasu,Narasu,miraheze: single,millsage\Narasu.webp
,Ikka Dumb Rock!,song,,Peaceful Pieces!,Peaceful Pieces!,miraheze: single,Ikka Dumb Rock!\Peaceful Pieces!.webp
,MyGO!!!!!,song,,Shoumeisanka,Shoumeisanka,miraheze: single,MyGO!!!!!\Shoumeisanka.webp
,MyGO!!!!!,song,,Silent,Silent,miraheze: Regular,MyGO!!!!!\Silent.webp
,Ave Mujica,song,,Sophie,Sophie,miraheze: single,Ave Mujica\Sophie.webp
,Ave Mujica,song,,The Whole Blue World,The Whole Blue World,miraheze: single,Ave Mujica\The Whole Blue World.webp
,Mugendai Mewtype,song,,Tuning,Tuning,miraheze: single,Mugendai Mewtype\Tuning.webp
,Mugendai Mewtype,song,,Yawayawa NERD Chou FreQuency,Yawayawa NERD Chou FreQuency,miraheze: single,Mugendai Mewtype\Yawayawa NERD Chou FreQuency.webp
,Ave Mujica,song,,‘S/’ The Way,‘S/’ The Way,miraheze: Regular,Ave Mujica\‘S_’ The Way.webp
,Ave Mujica,song,,A Song Of Romance,,miraheze (not in game),Ave Mujica\A Song Of Romance.webp
,Mugendai Mewtype,song,愛は衝動,Ai wa Shoudou,,miraheze (not in game),Mugendai Mewtype\Ai wa Shoudou.webp
,millsage,song,,Everscape,,miraheze (not in game),millsage\Everscape.webp
,Mugendai Mewtype,song,,Face The Next,,miraheze (not in game),Mugendai Mewtype\Face The Next.webp
,Mugendai Mewtype,song,一番のひかり,Ichiban no Hikari,,miraheze (not in game),Mugendai Mewtype\Ichiban no Hikari.webp
,Mugendai Mewtype,song,,In my words,,miraheze (not in game),Mugendai Mewtype\In my words.webp
,Poppin'Party,song,イントロダクション,Introduction,,miraheze (not in game),Poppin'Party\Introduction.webp
,Mugendai Mewtype,song,これはぼくたちの生存のあらすじ,Kore wa Bokutachi no Seizon no Arasuji,,miraheze (not in game),Mugendai Mewtype\Kore wa Bokutachi no Seizon no Arasuji.webp
,MyGO!!!!!,song,羅永線,Line,,miraheze (not in game),MyGO!!!!!\Line.webp
,MyGO!!!!!,song,迷況指漱,Meikyoushisui,,miraheze (not in game),MyGO!!!!!\Meikyoushisui.webp
,Mugendai Mewtype,song,夢我夢中,Mugamuchuu,,miraheze (not in game),Mugendai Mewtype\Mugamuchuu.webp
,Mugendai Mewtype,song,にこいちミライ,Nikoichi Mirai,,miraheze (not in game),Mugendai Mewtype\Nikoichi Mirai.webp
,MyGO!!!!!,song,世点彩,Sepia,,miraheze (not in game),MyGO!!!!!\Sepia.webp
,Poppin'Party,song,スキップ・スランプ・スリッパ,Skip Slump Slipper,,miraheze (not in game),Poppin'Party\Skip Slump Slipper.webp
,MyGO!!!!!,song,素寄曲,Sukima,,miraheze (not in game),MyGO!!!!!\Sukima.webp
,MyGO!!!!!,song,騒混出,Sunday,,miraheze (not in game),MyGO!!!!!\Sunday.webp
,Mugendai Mewtype,song,,TearJerker,,miraheze (not in game),Mugendai Mewtype\TearJerker.webp
,Poppin'Party,song,とっておきAnswer,Totteoki Answer,,miraheze (not in game),Poppin'Party\Totteoki Answer.webp
,Mugendai Mewtype,song,等身大あんりみてっど,Toushindai Unlimited,,miraheze (not in game),Mugendai Mewtype\Toushindai Unlimited.webp
,Mugendai Mewtype,song,うちゅうのふしぎ,Uchuu no Fushigi,,miraheze (not in game),Mugendai Mewtype\Uchuu no Fushigi.webp
,Mugendai Mewtype,song,夢はトゥルーエンド！,Yume wa True End!,,miraheze (not in game),Mugendai Mewtype\Yume wa True End!.webp
51,Other & Collaborations,song,どきどきSING OUT!,Doki-Doki Sing Out!,Dokidoki SING OUT!,bestdori,Other & Collaborations/Doki-Doki Sing Out!.png
57,Other & Collaborations,song,花園電気ギター！！！,Hanazono Electric Guitar!!!,Hanazono Denki Guitar!!!,bestdori,Other & Collaborations/Hanazono Electric Guitar!!!.png
58,Other & Collaborations,song,チョコレイトの低音レシピ,Chocolate Bass Recipe,Chocolate no Teion Recipe,bestdori,Other & Collaborations/Chocolate Bass Recipe.png
74,Other & Collaborations,song,遠い音楽～ハートビート～,A Distant Heartbeat,Tooi Ongaku ~Heartbeat~,bestdori,Other & Collaborations/A Distant Heartbeat.png
80,Other & Collaborations,song,す、好きなんかじゃない！,I-I Never Said Love!,Su-Suki Nanka Janai!,bestdori,Other & Collaborations/I-I Never Said Love!.png
90,Other & Collaborations,song,クインティプル☆すまいる,Quintuple☆Smile,Quintuple☆Smile,bestdori,Other & Collaborations/Quintuple☆Smile.png
131,Other & Collaborations,song,ピコっと！パピっと！！ガルパ☆ピコ！！！,Pico! Papi! Girls Band Party! PICO!!!,Picotto! Papitto!! GARUPA☆PICO!!!,bestdori,Other & Collaborations/Pico! Papi! Girls Band Party! PICO!!!.png
147,Other & Collaborations,song,ひとりじゃないんだから,You're Not Alone,Hitori Janain Dakara,bestdori,Other & Collaborations/You're Not Alone.png
248,Other & Collaborations,song,TWiNKLE CiRCLE,TWiNKLE CiRCLE,TWiNKLE CiRCLE,bestdori,Other & Collaborations/TWiNKLE CiRCLE.png
268,Other & Collaborations,song,大盛り一丁！ガルパ☆ピコ,One Extra Large! Garupa☆Pico,Ohmori Icchou! Garupa☆Pico,bestdori,Other & Collaborations/One Extra Large! Garupa☆Pico.png
353,Other & Collaborations,song,絆色のアンサンブル,Kizunairo no Ensemble,Kizunairo no Ensemble,bestdori,Other & Collaborations/Kizunairo no Ensemble.png
355,Other & Collaborations,song,競宴Red×Violet,Kyouen Red×Violet,Kyouen Red x Violet,bestdori,Other & Collaborations/Kyouen Red×Violet.png
357,Other & Collaborations,song,ラスハピーポー！,RASHAPEOPLE!,RASHAPEOPLE!,bestdori,Other & Collaborations/RASHAPEOPLE!.png
364,Other & Collaborations,song,ピコたるもの、ふぃーばー！,Picotarumono Fever!,"PICO tarumono, FEVER!",bestdori,Other & Collaborations/Picotarumono Fever!.png
366,Other & Collaborations,song,ナカナ イナ カナイ,Nakana iNa kanai,Nakanai Nakanai,bestdori,Other & Collaborations/Nakana iNa kanai.png
377,Other & Collaborations,song,優勝 feat.Afterglow,Yuushou feat.Afterglow,,bestdori,Other & Collaborations/Yuushou feat.Afterglow.png
400,Other & Collaborations,song,CATASTROPHE BANQUET,CATASTROPHE BANQUET,CATASTROPHE BANQUET,bestdori,Other & Collaborations/CATASTROPHE BANQUET.png
402,Other & Collaborations,song,CiRCLE THANKS MUSiC♪,CiRCLE THANKS MUSiC♪,CiRCLE THANKS MUSiC♪,bestdori,Other & Collaborations/CiRCLE THANKS MUSiC♪.png
415,Other & Collaborations,song,Freedom,Freedom,Freedom,bestdori,Other & Collaborations/Freedom.png
475,Other & Collaborations,song,See you! 〜それぞれの明日へ〜,See you! ~To Each of Our Tomorrows~,See you! ~Sorezore no Ashita e~,bestdori,Other & Collaborations/See you! ~To Each of Our Tomorrows~.png
491,Other & Collaborations,song,花呼ぶ声,Hanayobukoe,,bestdori,Other & Collaborations/Hanayobukoe.png
519,Other & Collaborations,song,私色きらめき日和,My Poppin' Days for Seeking Glitter,,bestdori,Other & Collaborations/My Poppin' Days for Seeking Glitter.png
539,Other & Collaborations,song,Be born,Be born,,bestdori,Other & Collaborations/Be born.png
571,Other & Collaborations,song,グッド・バイ,good bye,,bestdori,Other & Collaborations/good bye.png
649,Other & Collaborations,variant,迷星叫(パラレルver.),Mayoiuta (Parallel Ver.),,bestdori,Other & Collaborations/Mayoiuta (Parallel Ver.).png
658,Other & Collaborations,song,マルカリアンチェイン,Markarian's Chain,,bestdori,Other & Collaborations/Markarian's Chain.png
660,Other & Collaborations,variant,Blessing Chord(パラレルver.),Blessing Chord (Parallel Ver.),,bestdori,Other & Collaborations/Blessing Chord (Parallel Ver.).png
674,Other & Collaborations,variant,ひとりじゃないんだから(パラレルver.),You're Not Alone (Parallel Ver.),,bestdori,Other & Collaborations/You're Not Alone (Parallel Ver.).png
681,Other & Collaborations,variant,えがおのオーケストラっ！(パラレルver.),Orchestra Of Smiles! (Parallel Ver.),,bestdori,Other & Collaborations/Orchestra Of Smiles! (Parallel Ver.).png
699,Other & Collaborations,song,雪華は無常に微笑む,Snowflakes Smile Ephemerally,Sekka wa Mujou ni Hohoemu,bestdori,Other & Collaborations/Snowflakes Smile Ephemerally.png
710,Other & Collaborations,variant,走り始めたばかりのキミに(パラレルver.),On Your New Journey (Parallel Ver.),,bestdori,Other & Collaborations/On Your New Journey (Parallel Ver.).png
711,Other & Collaborations,variant,flame of hope(パラレルver.),flame of hope (Parallel Ver.),,bestdori,Other & Collaborations/flame of hope (Parallel Ver.).png
740,Other & Collaborations,song,元祖！バンドリちゃんのテーマ,Theme of GANSO! BanG Dream Chan,GANSO! BanG Dream Chan Theme,bestdori,Other & Collaborations/Theme of GANSO! BanG Dream Chan.png
752,Other & Collaborations,song,Singer,Singer,,bestdori,Other & Collaborations/Singer.png
753,Other & Collaborations,song,手を叩け今ここで祈るだけ願うだけ,TEOTATAKE,,bestdori,Other & Collaborations/TEOTATAKE.png
761,Other & Collaborations,variant,きゅ〜まい＊flower(パラレルver.),Kyu～Mai＊Flower (Parallel Ver.),,bestdori,Other & Collaborations/Kyu～Mai＊Flower (Parallel Ver.).png
762,Other & Collaborations,variant,Determination Symphony(パラレルver.),Determination Symphony (Parallel Ver.),,bestdori,Other & Collaborations/Determination Symphony (Parallel Ver.).png
763,Other & Collaborations,variant,熱色スターマイン(パラレルver.),Passionate Starmine (Parallel Ver.),,bestdori,Other & Collaborations/Passionate Starmine (Parallel Ver.).png
770,Other & Collaborations,song,Wonder Night Land,Wonder Night Land,,bestdori,Other & Collaborations/Wonder Night Land.png
783,Other & Collaborations,variant,COMIC PANIC!!!(パラレルver.),COMIC PANIC!!! (Parallel ver.),,bestdori,Other & Collaborations/COMIC PANIC!!! (Parallel ver.).png
784,Other & Collaborations,variant,灼熱 Bonfire!(パラレルver.),Blazing Bonfire! (Parallel ver.),,bestdori,Other & Collaborations/Blazing Bonfire! (Parallel ver.).png
786,Other & Collaborations,variant,ときめきエクスペリエンス！ (月島まりなver.),Tokimeki Experience! (Tsukishima Marina ver.) ,,bestdori,Other & Collaborations/Tokimeki Experience! (Tsukishima Marina ver.).png
823,Other & Collaborations,variant,Hello! Wink!(パラレルver.),Hello! Wink!(パラレルver.),,bestdori,Other & Collaborations/Hello! Wink!(パラレルver.).png
,Other & Collaborations,song,,Ameagari no Yume,Ameagari no Yume,fandom (not on Bestdori),Other & Collaborations/Ameagari no Yume.jpg
,MyGO!!!!!,song,春日影 (MyGO!!!!!ver.),Haruhikage (MyGO!!!!! Ver.),,added by user,MyGO!!!!!\Haruhikage (MyGO!!!!! Ver.).webp
